1,13.05.2019,idouglas@hotmail.com,4507 Fulton Park,6925,UNPAID
2,11.01.2019,ullrich.christine@smith.com,2 Prairieview Trail,1502,PAID
3,01.12.2018,zkrajcik@ortiz.biz,4 Larry Park,4084,UNPAID
4,24.07.2019,qkling@hotmail.com,916 Barby Way,8924,PAID
5,18.01.2018,,9 Sutteridge Parkway,9907,PAID
6,12.03.2019,haley.verna@smitham.com,0 Schiller Center,7402,PAID
7,06.11.2019,trisha49@nikolaus.com,3 Shasta Trail,3560,PAID
8,23.11.2019,louisa.waters@durgan.org,5565 Hagan Parkway,7840,UNPAID
9,11.10.2019,ppurdy@hodkiewicz.com,25817 International Circle,4363,UNPAID
10,27.01.2018,,31590 Green Ridge Drive,3500,UNPAID
11,23.06.2019,,65 Cordelia Avenue,5005,PAID
12,23.06.2019,melisa85@hotmail.com,04 Burning Wood Park,8576,UNPAID
13,06.10.2019,wpollich@gmail.com,887 Brown Crossing,7756,UNPAID
14,05.12.2019,carleton16@jakubowski.com,092 Village Green Point,7760,UNPAID
15,24.03.2018,cyrus.ohara@hoppe.net,7258 Shelley Court,3867,UNPAID
16,12.12.2019,mikel.marks@gmail.com,07 Carpenter Circle,5671,PAID
17,06.05.2019,ppurdy@hodkiewicz.com,71172 Fair Oaks Plaza,9020,UNPAID
18,21.01.2018,bebert@murphy.net,8 Kensington Lane,4294,PAID
19,23.05.2019,anna.mayert@homenick.com,9 Buell Terrace,8504,PAID
20,29.08.2018,anna.mayert@homenick.com,1042 Reindahl Alley,592,UNPAID
21,04.12.2018,anna.mayert@homenick.com,3921 Crowley Court,6862,UNPAID
22,10.05.2019,hilario.lesch@willms.org,768 Burrows Park,1125,PAID
23,17.09.2018,yherman@strosin.com,143 Melrose Park,4283,PAID
24,03.09.2018,dbogan@kessler.info,1 Elmside Place,7445,UNPAID
25,30.04.2019,,30690 Golf Course Street,5118,PAID
26,02.08.2018,ada.reynolds@quigley.net,37 Pearson Parkway,5112,PAID
27,22.11.2018,otremblay@hill.org,48 Graedel Place,261,PAID
28,01.09.2018,schuster.aiden@murray.net,49 Vera Parkway,2065,UNPAID
29,12.04.2018,lew.osinski@yahoo.com,13108 Bunker Hill Hill,4099,PAID
30,18.07.2018,hayes.ryann@gmail.com,181 Orin Crossing,3392,UNPAID
31,04.02.2019,louisa.waters@durgan.org,6387 Lillian Terrace,9123,UNPAID
32,30.07.2018,bebert@murphy.net,03 Ramsey Alley,2915,PAID
33,20.06.2018,zruecker@prohaska.com,32 Onsgard Plaza,4252,UNPAID
34,23.06.2019,melisa85@hotmail.com,64 Monterey Trail,6449,UNPAID
35,03.12.2019,hickle.florencio@borer.com,18 Village Green Circle,8796,PAID
36,17.03.2018,hschaefer@hotmail.com,570 Forest Dale Crossing,4285,UNPAID
37,13.03.2019,hilario.lesch@willms.org,589 Rowland Crossing,9630,UNPAID
38,21.09.2019,zruecker@prohaska.com,03 Gerald Junction,266,UNPAID
39,17.02.2018,dbogan@kessler.info,68 Londonderry Drive,7301,UNPAID
40,16.11.2019,lourdes.keebler@gmail.com,3073 Butternut Park,9147,UNPAID
41,10.07.2018,mills.valentina@pfeffer.com,57 Hollow Ridge Junction,9617,PAID
42,19.06.2019,wpollich@gmail.com,8 Blackbird Road,7832,UNPAID
43,08.09.2019,schuster.aiden@murray.net,,7083,UNPAID
44,29.12.2019,wpollich@gmail.com,411 Homewood Parkway,6240,UNPAID
45,01.12.2018,otremblay@hill.org,3 Merry Alley,3701,PAID
46,09.03.2018,mstanton@gmail.com,79981 Holmberg Street,8466,UNPAID
47,05.10.2018,otremblay@hill.org,,5454,PAID
48,24.12.2019,yherman@strosin.com,64666 Main Parkway,725,UNPAID
49,06.05.2018,reichel.francisca@ryan.com,54 Mccormick Park,842,UNPAID
50,23.09.2018,zkrajcik@ortiz.biz,,7508,PAID
51,27.07.2018,jadon08@gmail.com,88266 Dryden Way,7483,PAID
52,21.11.2018,goodwin.citlalli@runolfsson.com,1 South Alley,5906,PAID
53,23.06.2019,hickle.florencio@borer.com,345 Eagan Street,2904,UNPAID
54,21.10.2019,tromp.thora@hessel.com,11 Ludington Court,258,PAID
55,04.03.2018,bebert@murphy.net,77958 Haas Parkway,3647,PAID
56,08.12.2018,cyrus.ohara@hoppe.net,588 Buena Vista Point,9649,PAID
57,05.08.2018,otremblay@hill.org,66 Oriole Drive,4026,UNPAID
58,20.01.2018,haley.verna@smitham.com,72669 Fallview Crossing,719,PAID
59,15.05.2018,,63792 Helena Way,1976,PAID
60,17.12.2019,bebert@murphy.net,6 Bluejay Place,429,UNPAID
61,08.12.2018,korey.von@hotmail.com,51736 Independence Drive,2254,PAID
62,10.02.2018,ullrich.christine@smith.com,68300 Northport Pass,5082,PAID
63,14.06.2018,reichel.francisca@ryan.com,134 Myrtle Park,1308,UNPAID
64,21.01.2019,courtney.bergstrom@wisoky.com,372 Troy Drive,9414,UNPAID
65,09.08.2018,dbogan@kessler.info,,4217,UNPAID
66,24.08.2019,browe@gmail.com,50693 Del Mar Avenue,7447,PAID
67,22.10.2019,rlangosh@hotmail.com,2 Merry Place,4894,UNPAID
68,07.04.2018,,62031 Dayton Center,1338,UNPAID
69,27.03.2019,yherman@strosin.com,23 Iowa Way,5798,PAID
70,04.01.2018,streich.jaida@yahoo.com,6824 Crescent Oaks Trail,8861,UNPAID
71,02.01.2018,streich.jaida@yahoo.com,45455 Homewood Point,1599,PAID
72,10.08.2019,carleton16@jakubowski.com,434 7th Street,1936,PAID
73,21.01.2018,brandon23@gmail.com,05913 Mitchell Terrace,4510,UNPAID
74,07.03.2019,hschaefer@hotmail.com,9847 Fairview Lane,4553,PAID
75,17.02.2019,streich.jaida@yahoo.com,699 Fisk Park,3932,UNPAID
76,08.08.2018,kennedi30@feest.com,92 Fieldstone Pass,5654,UNPAID
77,27.04.2019,dbogan@kessler.info,8702 Canary Circle,3178,UNPAID
78,19.11.2018,olubowitz@stehr.info,0432 Mallard Drive,6474,UNPAID
79,03.03.2019,mills.valentina@pfeffer.com,70 Manley Crossing,1532,PAID
80,06.09.2019,ada.reynolds@quigley.net,0435 Hagan Junction,6079,UNPAID
81,19.07.2019,nerdman@gmail.com,30 Jenna Way,3417,PAID
82,20.11.2018,aleuschke@kirlin.com,7 West Alley,11,PAID
83,10.12.2019,goodwin.citlalli@runolfsson.com,4 Trailsway Road,9517,UNPAID
84,21.02.2018,hickle.florencio@borer.com,,9421,PAID
85,03.02.2019,westley.lubowitz@bayer.com,5 Farragut Trail,3995,UNPAID
86,23.05.2018,ada.reynolds@quigley.net,2 Swallow Hill,3645,PAID
87,12.12.2019,dbogan@kessler.info,69 Tennessee Center,5320,PAID
88,27.12.2019,lew.osinski@yahoo.com,3 Delaware Alley,759,PAID
89,04.11.2018,tromp.thora@hessel.com,43 Forest Lane,9976,UNPAID
90,27.09.2018,cyrus.ohara@hoppe.net,,2892,PAID
91,01.05.2018,dbogan@kessler.info,0 Russell Hill,354,PAID
92,12.01.2018,courtney.bergstrom@wisoky.com,82693 Hauk Way,5821,UNPAID
93,15.05.2019,idouglas@hotmail.com,98756 Macpherson Road,7253,PAID
94,18.05.2019,,5 Dunning Terrace,2013,PAID
95,18.01.2019,kennedi30@feest.com,75263 Corscot Drive,4073,PAID
96,17.07.2019,trisha49@nikolaus.com,684 Emmet Way,135,PAID
97,14.03.2018,tromp.thora@hessel.com,5403 Little Fleur Parkway,7554,UNPAID
98,18.09.2019,reichel.francisca@ryan.com,00 Ridgeview Place,2411,UNPAID
99,19.09.2019,trisha49@nikolaus.com,2680 West Pass,8760,PAID
100,13.05.2018,bebert@murphy.net,30191 Swallow Drive,8799,PAID
101,24.06.2019,ada.reynolds@quigley.net,85234 Hoffman Point,6369,PAID
102,17.05.2019,dorothea17@jakubowski.info,5176 Swallow Plaza,157,UNPAID
103,27.04.2018,dorothea17@jakubowski.info,13120 Lyons Court,1110,PAID
104,04.07.2018,melisa85@hotmail.com,5948 Lunder Street,283,PAID
105,01.04.2019,browe@gmail.com,444 Buena Vista Point,5067,PAID
106,04.05.2018,wpollich@gmail.com,56477 Hauk Alley,6377,PAID
107,10.08.2018,anna.mayert@homenick.com,82179 Northfield Center,9847,PAID
108,27.11.2019,hickle.florencio@borer.com,,8178,PAID
109,15.07.2018,kraig91@hane.com,6 Glendale Place,8871,UNPAID
110,03.07.2018,nerdman@gmail.com,1 John Wall Drive,7496,UNPAID
111,19.09.2018,zkrajcik@ortiz.biz,74818 Pankratz Point,1706,PAID
112,15.05.2018,,,8157,UNPAID
113,11.03.2018,nerdman@gmail.com,7 Pine View Circle,4078,PAID
114,07.10.2018,westley.lubowitz@bayer.com,5924 Briar Crest Trail,3801,PAID
115,13.12.2018,olubowitz@stehr.info,0807 Union Point,8191,PAID
116,07.12.2018,haley.verna@smitham.com,58 Canary Avenue,7038,UNPAID
117,21.11.2019,idouglas@hotmail.com,8350 Badeau Circle,5529,UNPAID
118,17.11.2018,schuster.aiden@murray.net,,4037,PAID
119,21.03.2019,,5443 Westend Avenue,3221,UNPAID
120,29.04.2018,reichel.francisca@ryan.com,,7285,PAID
121,13.12.2018,nerdman@gmail.com,9 Arizona Pass,6018,PAID
122,05.12.2018,schuster.aiden@murray.net,3 Grayhawk Junction,9227,UNPAID
123,31.01.2019,dorothea17@jakubowski.info,45 Lunder Pass,3479,UNPAID
124,16.10.2018,wpollich@gmail.com,178 Ludington Circle,2683,UNPAID
125,21.12.2019,melisa85@hotmail.com,15377 Green Ridge Plaza,8302,UNPAID
126,04.09.2019,melisa85@hotmail.com,06 Lerdahl Center,4553,PAID
127,17.03.2018,zruecker@prohaska.com,7 Jenifer Point,3157,PAID
128,08.05.2018,schuster.aiden@murray.net,,6827,PAID
129,11.08.2018,jadon08@gmail.com,003 Clemons Road,1534,UNPAID
130,18.09.2018,cyrus.ohara@hoppe.net,533 Barnett Pass,4373,UNPAID
131,23.02.2019,hschaefer@hotmail.com,,1241,PAID
132,28.10.2018,jadon08@gmail.com,1 Carpenter Way,2095,PAID
133,13.10.2019,anna.mayert@homenick.com,13225 Graedel Trail,4786,PAID
134,06.06.2019,ullrich.christine@smith.com,3310 Comanche Lane,9104,PAID
135,18.02.2019,anna.mayert@homenick.com,4966 Red Cloud Plaza,7435,UNPAID
136,13.09.2018,kennedi30@feest.com,73328 Aberg Trail,3006,PAID
137,03.11.2019,nerdman@gmail.com,78432 Rockefeller Parkway,7065,PAID
138,11.06.2018,hayes.ryann@gmail.com,9196 Mesta Terrace,7116,UNPAID
139,29.10.2019,dbogan@kessler.info,3431 Sherman Circle,1902,UNPAID
140,22.04.2018,elisha.lebsack@yahoo.com,9 Rusk Park,7898,UNPAID
141,05.02.2018,hickle.florencio@borer.com,83346 Arizona Crossing,8548,UNPAID
142,03.06.2019,dbogan@kessler.info,1946 Cardinal Pass,7461,PAID
143,19.07.2018,mikel.marks@gmail.com,5082 Green Plaza,7310,PAID
144,14.04.2019,ada.reynolds@quigley.net,4696 Paget Alley,8667,PAID
145,10.05.2019,iwehner@yahoo.com,13747 Ridgeview Crossing,6499,UNPAID
146,28.12.2018,brandon23@gmail.com,6 Mayer Parkway,4363,PAID
147,28.08.2018,hilario.lesch@willms.org,06 American Ash Drive,5061,PAID
148,01.08.2018,louisa.waters@durgan.org,4 Red Cloud Pass,2219,PAID
149,19.05.2018,,9 Michigan Way,2460,UNPAID
150,31.08.2018,reichel.francisca@ryan.com,,4632,UNPAID
151,27.06.2019,westley.lubowitz@bayer.com,9243 Delladonna Hill,382,PAID
152,09.01.2019,streich.jaida@yahoo.com,436 Gateway Road,9617,PAID
153,24.06.2018,,35 Leroy Street,1196,PAID
154,28.08.2019,,212 Butternut Court,3439,UNPAID
155,22.09.2019,mikel.marks@gmail.com,225 Pierstorff Hill,5756,UNPAID
156,29.08.2018,elisha.lebsack@yahoo.com,18929 3rd Pass,2056,PAID
157,30.09.2018,hilario.lesch@willms.org,48 Scoville Way,5759,PAID
158,28.10.2018,jadon08@gmail.com,,9447,UNPAID
159,04.01.2019,lew.osinski@yahoo.com,41533 Rigney Alley,7494,UNPAID
160,11.02.2019,haley.verna@smitham.com,7 Bunker Hill Lane,9651,UNPAID
161,03.01.2018,lourdes.keebler@gmail.com,00894 Vahlen Avenue,6200,UNPAID
162,05.02.2019,olubowitz@stehr.info,75496 Golf View Hill,380,UNPAID
163,04.05.2019,,24171 Northwestern Lane,4409,UNPAID
164,27.08.2019,yherman@strosin.com,389 Hoard Court,7998,UNPAID
165,22.07.2019,reichel.francisca@ryan.com,,9793,PAID
166,09.06.2018,dbogan@kessler.info,7 Vera Lane,3477,UNPAID
167,21.11.2018,,4699 Prentice Street,8040,PAID
168,01.05.2018,zkrajcik@ortiz.biz,07 Swallow Parkway,9806,UNPAID
169,27.11.2019,anna.mayert@homenick.com,492 Judy Court,629,UNPAID
170,02.02.2018,hickle.florencio@borer.com,2999 Southridge Park,5094,PAID
171,25.12.2018,dorothea17@jakubowski.info,3319 Tennessee Parkway,4831,PAID
172,30.09.2018,browe@gmail.com,33843 Valley Edge Point,7180,UNPAID
173,28.07.2018,trisha49@nikolaus.com,6 Fair Oaks Hill,6136,PAID
174,30.11.2018,rlangosh@hotmail.com,70 Comanche Plaza,7478,PAID
175,01.12.2018,mills.valentina@pfeffer.com,521 Macpherson Trail,3263,PAID
176,18.11.2018,otremblay@hill.org,470 Declaration Street,2252,UNPAID
177,05.08.2018,mills.valentina@pfeffer.com,98 Goodland Plaza,5849,PAID
178,13.07.2018,melisa85@hotmail.com,,1359,PAID
179,28.11.2019,korey.von@hotmail.com,,6294,PAID
180,25.11.2018,cyrus.ohara@hoppe.net,134 Glendale Road,7193,UNPAID
181,01.10.2019,idouglas@hotmail.com,01 Farmco Parkway,9963,UNPAID
182,26.03.2019,qkling@hotmail.com,40 Birchwood Place,6066,UNPAID
183,07.06.2018,wpollich@gmail.com,14807 Arizona Parkway,7767,PAID
184,27.08.2019,louisa.waters@durgan.org,,4752,UNPAID
185,14.06.2019,lew.osinski@yahoo.com,63947 Sullivan Point,4609,UNPAID
186,27.06.2018,kraig91@hane.com,7057 Kennedy Circle,1456,PAID
187,09.06.2019,lourdes.keebler@gmail.com,57408 Merchant Alley,278,UNPAID
188,13.06.2018,aleuschke@kirlin.com,2 Debra Parkway,4349,PAID
189,23.09.2018,carleton16@jakubowski.com,05 Park Meadow Avenue,6382,PAID
190,11.05.2018,hilario.lesch@willms.org,05 Glendale Parkway,8707,UNPAID
191,26.05.2019,reichel.francisca@ryan.com,21036 Atwood Way,4127,UNPAID
192,26.12.2019,carleton16@jakubowski.com,9306 Garrison Court,1378,PAID
193,01.07.2019,wpollich@gmail.com,98 Mallory Road,1641,PAID
194,05.04.2018,tromp.thora@hessel.com,,8266,PAID
195,21.09.2018,bebert@murphy.net,4592 Jackson Way,2407,PAID
196,23.04.2018,,,4421,PAID
197,23.03.2018,louisa.waters@durgan.org,,7248,PAID
198,20.08.2018,haley.verna@smitham.com,61 Lindbergh Circle,1585,UNPAID
199,10.06.2018,haley.verna@smitham.com,7418 Parkside Road,6473,PAID
200,09.04.2018,cyrus.ohara@hoppe.net,57 Hoepker Pass,2472,PAID
201,13.04.2018,aleuschke@kirlin.com,35 Rowland Lane,499,PAID
202,18.03.2018,elisha.lebsack@yahoo.com,1 Prairieview Trail,9590,PAID
203,10.03.2019,hschaefer@hotmail.com,18156 Corscot Circle,6624,UNPAID
204,15.11.2019,reichel.francisca@ryan.com,0 Maple Center,9947,UNPAID
205,28.11.2018,nerdman@gmail.com,69 Iowa Court,5369,PAID
206,10.06.2018,ppurdy@hodkiewicz.com,96 Lake View Way,3497,PAID
207,14.01.2019,aleuschke@kirlin.com,,9581,UNPAID
208,09.01.2019,melisa85@hotmail.com,8803 Caliangt Terrace,2882,UNPAID
209,17.07.2019,korey.von@hotmail.com,6814 Gateway Pass,1279,PAID
210,11.08.2018,rlangosh@hotmail.com,62050 Toban Street,6579,UNPAID
211,06.06.2018,lourdes.keebler@gmail.com,28741 Waubesa Terrace,2224,PAID
212,21.10.2019,zruecker@prohaska.com,6 Kinsman Road,2035,PAID
213,18.10.2018,trisha49@nikolaus.com,917 Dakota Street,5780,PAID
214,20.04.2019,aleuschke@kirlin.com,56515 Sunnyside Center,6654,PAID
215,10.06.2018,reichel.francisca@ryan.com,87 Orin Place,4331,UNPAID
216,04.07.2019,louisa.waters@durgan.org,5 Laurel Avenue,7469,UNPAID
217,24.09.2018,streich.jaida@yahoo.com,39652 Duke Point,7496,UNPAID
218,20.07.2018,wpollich@gmail.com,477 Manitowish Place,9012,UNPAID
219,15.02.2018,idouglas@hotmail.com,50371 Springs Crossing,6967,PAID
220,30.05.2018,mstanton@gmail.com,502 Cottonwood Court,4605,UNPAID
221,16.07.2019,aleuschke@kirlin.com,48 3rd Parkway,5230,UNPAID
222,23.11.2019,,686 Gerald Pass,8671,UNPAID
223,09.01.2019,dorothea17@jakubowski.info,998 Sutherland Park,5651,UNPAID
224,13.10.2018,,7 Garrison Road,785,UNPAID
225,08.02.2019,streich.jaida@yahoo.com,0249 Lindbergh Parkway,6525,UNPAID
226,21.09.2018,mills.valentina@pfeffer.com,2 Luster Way,738,PAID
227,27.06.2018,ceasar.nolan@yahoo.com,,3525,UNPAID
228,09.01.2019,carleton16@jakubowski.com,3 Lakewood Point,7995,PAID
229,27.12.2019,lourdes.keebler@gmail.com,206 Ryan Center,2241,UNPAID
230,20.03.2018,goodwin.citlalli@runolfsson.com,,2028,UNPAID
231,26.12.2019,streich.jaida@yahoo.com,03753 Caliangt Drive,1543,UNPAID
232,04.07.2018,schuster.aiden@murray.net,1192 Heath Center,1416,PAID
233,03.01.2019,haley.verna@smitham.com,91 Westridge Way,2943,PAID
234,02.04.2018,tromp.thora@hessel.com,,3731,UNPAID
235,16.08.2019,tromp.thora@hessel.com,38239 Rowland Street,220,PAID
236,04.02.2018,aleuschke@kirlin.com,45 Bunting Pass,4302,UNPAID
237,23.08.2018,ada.reynolds@quigley.net,89936 Pond Terrace,3833,UNPAID
238,22.02.2018,goodwin.citlalli@runolfsson.com,,6879,PAID
239,12.02.2019,louisa.waters@durgan.org,57 Sugar Lane,909,PAID
240,28.08.2019,mills.valentina@pfeffer.com,19235 Everett Crossing,8327,PAID
241,18.09.2019,kraig91@hane.com,0 Marquette Place,553,PAID
242,14.05.2019,melisa85@hotmail.com,9533 Southridge Court,3109,UNPAID
243,13.01.2019,ppurdy@hodkiewicz.com,,7401,UNPAID
244,22.12.2018,lourdes.keebler@gmail.com,0183 Lerdahl Point,7046,UNPAID
245,02.01.2019,dorothea17@jakubowski.info,74261 Brickson Park Crossing,1001,PAID
246,02.01.2018,zruecker@prohaska.com,33879 Sheridan Way,6339,PAID
247,07.07.2018,zruecker@prohaska.com,1 Springview Place,2327,PAID
248,30.08.2019,carleton16@jakubowski.com,98923 Harper Avenue,4087,PAID
249,29.07.2019,brandon23@gmail.com,2078 East Pass,8334,PAID
250,11.07.2019,,0917 Anderson Avenue,4269,PAID
251,25.12.2018,bebert@murphy.net,71 Waxwing Pass,2438,UNPAID
252,09.09.2019,cyrus.ohara@hoppe.net,025 Portage Court,6796,PAID
253,24.05.2018,ada.reynolds@quigley.net,408 Mandrake Lane,4130,PAID
254,20.03.2019,ullrich.christine@smith.com,7042 Mcbride Drive,8989,PAID
255,20.08.2019,alba.yost@gmail.com,69639 Evergreen Trail,1526,PAID
256,22.01.2018,,4 3rd Drive,8743,UNPAID
257,25.11.2019,ceasar.nolan@yahoo.com,7 Dapin Junction,757,PAID
258,19.02.2019,olubowitz@stehr.info,98 Jackson Plaza,9399,PAID
259,29.08.2019,louisa.waters@durgan.org,633 Lyons Road,434,PAID
260,14.03.2018,elisha.lebsack@yahoo.com,21 Farragut Avenue,922,PAID
261,08.10.2019,zkrajcik@ortiz.biz,19493 Spenser Park,4541,UNPAID
262,07.09.2019,ullrich.christine@smith.com,8 Independence Trail,931,PAID
263,17.06.2019,hayes.ryann@gmail.com,70495 Coleman Point,9624,PAID
264,20.08.2018,haley.verna@smitham.com,80 Rowland Drive,6716,PAID
265,02.05.2018,,79008 Utah Plaza,8022,UNPAID
266,28.10.2018,ada.reynolds@quigley.net,719 Karstens Crossing,3885,UNPAID
267,03.04.2019,korey.von@hotmail.com,3 Helena Crossing,9934,PAID
268,16.06.2019,courtney.bergstrom@wisoky.com,4 Di Loreto Place,2951,PAID
269,18.03.2018,bebert@murphy.net,,8094,UNPAID
270,10.09.2018,dbogan@kessler.info,,3805,PAID
271,24.09.2019,,,3750,UNPAID
272,07.12.2019,olubowitz@stehr.info,3108 Westport Crossing,1469,PAID
273,26.12.2019,kraig91@hane.com,09 Superior Street,9179,PAID
274,13.05.2019,hayes.ryann@gmail.com,43346 Rieder Drive,9722,UNPAID
275,22.11.2018,idouglas@hotmail.com,302 Myrtle Crossing,6435,PAID
276,20.01.2018,kennedi30@feest.com,664 Susan Lane,88,PAID
277,17.05.2018,hayes.ryann@gmail.com,068 Oriole Parkway,1239,UNPAID
278,24.12.2019,hschaefer@hotmail.com,6 Victoria Crossing,2145,UNPAID
279,24.09.2018,nerdman@gmail.com,67167 Buhler Plaza,969,PAID
280,04.08.2019,otremblay@hill.org,17 Riverside Plaza,393,UNPAID
281,28.03.2018,lew.osinski@yahoo.com,25237 Loftsgordon Center,9372,PAID
282,24.09.2018,mikel.marks@gmail.com,76180 Steensland Circle,7943,PAID
283,28.01.2018,nerdman@gmail.com,50551 Nancy Place,2950,PAID
284,11.05.2018,browe@gmail.com,817 Meadow Valley Hill,2607,PAID
285,04.07.2019,kraig91@hane.com,016 Bunting Road,2478,PAID
286,08.10.2019,hilario.lesch@willms.org,7019 Granby Trail,3765,PAID
287,02.08.2019,wpollich@gmail.com,68 Crowley Circle,3180,UNPAID
288,14.11.2018,aleuschke@kirlin.com,2 Mockingbird Parkway,4627,PAID
289,19.07.2018,tromp.thora@hessel.com,737 Oak Place,2435,UNPAID
290,25.10.2018,courtney.bergstrom@wisoky.com,34094 Northport Place,97,UNPAID
291,16.02.2019,olubowitz@stehr.info,247 Macpherson Hill,4001,UNPAID
292,17.11.2019,hschaefer@hotmail.com,5204 Summit Hill,8112,PAID
293,14.06.2018,,15805 Rieder Alley,828,UNPAID
294,01.10.2019,hilario.lesch@willms.org,60 Little Fleur Lane,9441,UNPAID
295,13.11.2019,schuster.aiden@murray.net,9402 Vera Alley,3184,UNPAID
296,30.09.2019,kraig91@hane.com,81401 Oak Valley Lane,1096,UNPAID
297,30.04.2018,wpollich@gmail.com,55201 Service Court,324,UNPAID
298,09.12.2018,olubowitz@stehr.info,,8867,PAID
299,09.06.2019,lew.osinski@yahoo.com,3058 Granby Trail,2910,PAID
300,18.10.2018,kennedi30@feest.com,821 Loomis Way,6544,UNPAID
301,13.12.2019,mills.valentina@pfeffer.com,728 Morning Point,4113,PAID
302,14.07.2018,dorothea17@jakubowski.info,8398 Northwestern Street,1203,PAID
303,20.10.2019,louisa.waters@durgan.org,95 Iowa Way,5499,UNPAID
304,04.03.2018,korey.von@hotmail.com,839 Cherokee Junction,8050,PAID
305,07.08.2019,,3 Manley Terrace,2271,PAID
306,19.10.2019,mikel.marks@gmail.com,2402 Gerald Crossing,6704,UNPAID
307,23.02.2018,browe@gmail.com,,5416,UNPAID
308,31.03.2019,kennedi30@feest.com,60379 Barnett Trail,8512,PAID
309,09.02.2019,mstanton@gmail.com,,9138,PAID
310,11.11.2019,hschaefer@hotmail.com,6579 Susan Crossing,6391,PAID
311,10.01.2019,brandon23@gmail.com,66 Gale Plaza,8332,UNPAID
312,20.08.2019,nerdman@gmail.com,49 1st Point,2048,UNPAID
313,02.10.2019,hickle.florencio@borer.com,05008 Nova Hill,1240,UNPAID
314,31.01.2019,qkling@hotmail.com,86125 Buell Place,2356,UNPAID
315,30.06.2018,,983 Oak Valley Avenue,1171,UNPAID
316,17.04.2018,courtney.bergstrom@wisoky.com,3450 Schurz Way,8673,UNPAID
317,26.11.2019,mikel.marks@gmail.com,59230 Kipling Avenue,518,UNPAID
318,27.10.2019,zruecker@prohaska.com,5184 Vahlen Way,9301,PAID
319,10.09.2018,,,4653,PAID
320,10.01.2018,goodwin.citlalli@runolfsson.com,1486 Graedel Parkway,8947,UNPAID
321,28.08.2018,anna.mayert@homenick.com,08577 Becker Park,5425,UNPAID
322,01.07.2018,rlangosh@hotmail.com,,4964,UNPAID
323,07.02.2019,yherman@strosin.com,,8553,UNPAID
324,25.07.2018,zruecker@prohaska.com,15496 Summit Crossing,5488,UNPAID
325,28.01.2019,hilario.lesch@willms.org,102 Colorado Alley,7151,PAID
326,14.08.2018,,0 Monterey Road,3886,UNPAID
327,08.10.2018,zkrajcik@ortiz.biz,0256 Kensington Plaza,511,PAID
328,19.07.2018,nerdman@gmail.com,,451,UNPAID
329,05.04.2018,ppurdy@hodkiewicz.com,7835 Lerdahl Crossing,368,UNPAID
330,14.07.2018,,507 Northridge Crossing,6676,PAID
331,07.04.2019,aleuschke@kirlin.com,2556 Mariners Cove Avenue,1478,UNPAID
332,05.11.2018,browe@gmail.com,7635 Starling Road,1622,UNPAID
333,25.04.2019,mstanton@gmail.com,813 Cody Drive,9646,UNPAID
334,04.01.2019,anna.mayert@homenick.com,12776 Lake View Circle,1381,UNPAID
335,28.06.2019,melisa85@hotmail.com,204 Northport Drive,4779,UNPAID
336,04.10.2018,aleuschke@kirlin.com,4 Myrtle Way,8965,PAID
337,06.09.2018,streich.jaida@yahoo.com,9453 Manitowish Drive,2110,UNPAID
338,24.08.2018,nerdman@gmail.com,965 Dunning Crossing,1263,PAID
339,23.08.2018,cyrus.ohara@hoppe.net,22 Prairie Rose Street,653,PAID
340,22.12.2018,courtney.bergstrom@wisoky.com,3273 Grover Trail,5349,UNPAID
341,11.05.2018,mikel.marks@gmail.com,1865 Blaine Court,7784,UNPAID
342,26.04.2019,trisha49@nikolaus.com,9 Rusk Way,455,UNPAID
343,19.04.2018,kennedi30@feest.com,6383 Brentwood Plaza,3149,UNPAID
344,04.06.2019,hickle.florencio@borer.com,68 Ronald Regan Drive,2799,PAID
345,13.08.2018,kraig91@hane.com,4435 Meadow Valley Avenue,3132,PAID
346,22.12.2019,courtney.bergstrom@wisoky.com,,9343,PAID
347,13.08.2019,alba.yost@gmail.com,063 Randy Drive,7628,UNPAID
348,23.03.2018,rlangosh@hotmail.com,27 Calypso Circle,1448,PAID
349,28.09.2018,,65 Katie Plaza,4062,UNPAID
350,15.01.2018,wpollich@gmail.com,,8316,UNPAID
351,08.11.2019,korey.von@hotmail.com,89152 Merchant Pass,165,UNPAID
352,02.05.2018,carleton16@jakubowski.com,0 Fieldstone Terrace,5681,UNPAID
353,30.08.2019,idouglas@hotmail.com,89875 Shopko Pass,3584,PAID
354,13.10.2018,hayes.ryann@gmail.com,328 Nova Center,562,PAID
355,07.05.2019,,642 Monterey Junction,6371,PAID
356,22.10.2019,mills.valentina@pfeffer.com,064 Declaration Road,2247,PAID
357,24.11.2019,westley.lubowitz@bayer.com,,1955,UNPAID
358,26.09.2019,streich.jaida@yahoo.com,02 Schiller Center,988,UNPAID
359,07.09.2018,anna.mayert@homenick.com,25 Ohio Trail,555,UNPAID
360,19.12.2018,courtney.bergstrom@wisoky.com,27258 Rigney Center,6729,PAID
361,26.11.2018,tromp.thora@hessel.com,4351 Rowland Hill,989,UNPAID
362,01.05.2018,reichel.francisca@ryan.com,20021 Valley Edge Crossing,5413,PAID
363,31.03.2018,trisha49@nikolaus.com,,3257,UNPAID
364,28.06.2018,hschaefer@hotmail.com,2870 Acker Way,9487,PAID
365,03.02.2018,mikel.marks@gmail.com,4 Village Green Way,2810,PAID
366,27.03.2018,lourdes.keebler@gmail.com,55677 Sullivan Circle,8573,PAID
367,01.09.2018,zkrajcik@ortiz.biz,1 Judy Hill,2361,UNPAID
368,09.09.2019,hayes.ryann@gmail.com,49068 Butterfield Hill,8697,PAID
369,09.10.2018,haley.verna@smitham.com,4809 Sullivan Alley,9843,UNPAID
370,05.07.2018,zruecker@prohaska.com,05 Sunnyside Junction,9503,UNPAID
371,08.12.2018,iwehner@yahoo.com,43739 Harper Junction,4225,PAID
372,04.04.2019,lew.osinski@yahoo.com,26 Manufacturers Crossing,759,UNPAID
373,12.01.2019,anna.mayert@homenick.com,3724 Blue Bill Park Plaza,8750,UNPAID
374,23.03.2018,streich.jaida@yahoo.com,0 Shelley Parkway,7432,UNPAID
375,09.03.2018,kraig91@hane.com,4 Eliot Park,4666,UNPAID
376,22.01.2019,schuster.aiden@murray.net,0 Grim Lane,1105,PAID
377,21.08.2019,,5 Gale Place,5093,PAID
378,14.06.2019,bebert@murphy.net,0768 Vera Junction,7540,UNPAID
379,28.03.2018,reichel.francisca@ryan.com,9 Straubel Road,5311,PAID
380,01.09.2019,mstanton@gmail.com,342 Mccormick Junction,4855,PAID
381,15.10.2018,zruecker@prohaska.com,34 Namekagon Alley,3336,PAID
382,11.03.2018,carleton16@jakubowski.com,1 Stang Parkway,2499,PAID
383,27.07.2019,hayes.ryann@gmail.com,6 Sullivan Avenue,1962,PAID
384,15.07.2018,zkrajcik@ortiz.biz,880 Badeau Plaza,5645,UNPAID
385,12.07.2018,,3278 Sunfield Circle,4402,UNPAID
386,04.02.2018,aleuschke@kirlin.com,9587 Troy Park,944,UNPAID
387,12.10.2018,kennedi30@feest.com,,3370,UNPAID
388,08.05.2018,browe@gmail.com,71181 Reinke Park,6997,UNPAID
389,14.09.2018,ada.reynolds@quigley.net,74041 Maywood Junction,9619,PAID
390,29.03.2019,anna.mayert@homenick.com,28 Nobel Street,1515,UNPAID
391,16.10.2018,westley.lubowitz@bayer.com,5543 Dwight Avenue,6212,UNPAID
392,16.01.2018,cyrus.ohara@hoppe.net,12917 Briar Crest Drive,4611,UNPAID
393,30.10.2018,korey.von@hotmail.com,317 Elgar Drive,6979,PAID
394,17.07.2018,streich.jaida@yahoo.com,41 Mitchell Point,2885,UNPAID
395,10.01.2018,rlangosh@hotmail.com,20 Carberry Point,6543,PAID
396,24.03.2018,brandon23@gmail.com,833 Oakridge Pass,8586,UNPAID
397,26.02.2018,goodwin.citlalli@runolfsson.com,011 Superior Pass,9805,PAID
398,12.07.2019,brandon23@gmail.com,5 Iowa Pass,5260,UNPAID
399,19.10.2019,kraig91@hane.com,22797 Eastwood Center,8873,PAID
400,16.03.2019,hayes.ryann@gmail.com,48 Golf Course Circle,4651,UNPAID
401,29.10.2019,browe@gmail.com,293 Wayridge Circle,8737,PAID
402,26.01.2019,aleuschke@kirlin.com,164 3rd Road,4987,UNPAID
403,24.12.2018,,3814 Dottie Terrace,8292,UNPAID
404,29.04.2018,melisa85@hotmail.com,07 Hauk Drive,6830,UNPAID
405,30.06.2018,zruecker@prohaska.com,936 Eagan Plaza,4429,UNPAID
406,23.10.2018,wpollich@gmail.com,2480 Becker Road,2274,UNPAID
407,01.09.2018,idouglas@hotmail.com,125 Crownhardt Trail,7002,PAID
408,03.12.2018,goodwin.citlalli@runolfsson.com,6 Magdeline Way,545,PAID
409,26.05.2019,zruecker@prohaska.com,75224 Kensington Lane,7102,UNPAID
410,14.12.2018,olubowitz@stehr.info,82 Becker Pass,5165,PAID
411,10.06.2018,carleton16@jakubowski.com,285 Lakewood Way,5023,PAID
412,25.09.2019,brandon23@gmail.com,9365 Daystar Point,133,PAID
413,25.03.2019,kraig91@hane.com,496 Beilfuss Court,6464,UNPAID
414,28.01.2019,aleuschke@kirlin.com,451 Jana Hill,7356,UNPAID
415,29.11.2018,aleuschke@kirlin.com,46493 Buena Vista Alley,8068,UNPAID
416,16.06.2018,rlangosh@hotmail.com,187 Blaine Way,1008,UNPAID
417,07.09.2019,nerdman@gmail.com,80 Artisan Circle,3298,UNPAID
418,23.04.2019,jadon08@gmail.com,32 Del Sol Crossing,6901,PAID
419,15.02.2019,carleton16@jakubowski.com,9349 Gale Plaza,6364,UNPAID
420,25.02.2019,lourdes.keebler@gmail.com,04 Upham Road,1397,UNPAID
421,30.09.2018,streich.jaida@yahoo.com,3851 Fairview Court,4823,PAID
422,08.03.2019,mikel.marks@gmail.com,817 Lillian Plaza,2404,UNPAID
423,19.02.2018,louisa.waters@durgan.org,,1577,UNPAID
424,21.10.2019,wpollich@gmail.com,40 Duke Terrace,2677,PAID
425,13.05.2018,dorothea17@jakubowski.info,9749 Swallow Road,6593,UNPAID
426,09.02.2019,melisa85@hotmail.com,6109 Holy Cross Drive,8731,PAID
427,22.10.2018,idouglas@hotmail.com,,233,PAID
428,30.05.2018,ada.reynolds@quigley.net,69881 Columbus Point,2397,UNPAID
429,22.04.2018,ullrich.christine@smith.com,,6956,PAID
430,24.05.2019,anna.mayert@homenick.com,8 Jay Circle,7985,PAID
431,25.02.2018,ada.reynolds@quigley.net,30 Vahlen Crossing,9269,PAID
432,23.06.2018,lourdes.keebler@gmail.com,0 Vidon Street,2641,UNPAID
433,18.09.2018,ada.reynolds@quigley.net,7371 Grim Center,5355,PAID
434,14.03.2018,trisha49@nikolaus.com,32106 Arizona Terrace,2028,UNPAID
435,19.10.2018,mstanton@gmail.com,85640 Wayridge Alley,3351,UNPAID
436,12.07.2019,anna.mayert@homenick.com,5 Hauk Trail,661,UNPAID
437,24.09.2019,tromp.thora@hessel.com,14855 Twin Pines Street,753,UNPAID
438,11.10.2018,schuster.aiden@murray.net,9518 Brickson Park Street,9232,PAID
439,03.06.2019,hschaefer@hotmail.com,1 Village Green Trail,5000,PAID
440,01.07.2019,idouglas@hotmail.com,41954 Corscot Drive,3302,UNPAID
441,11.02.2018,cyrus.ohara@hoppe.net,43 Westend Way,697,PAID
442,01.09.2018,cyrus.ohara@hoppe.net,3 Lotheville Way,7059,UNPAID
443,14.05.2018,kraig91@hane.com,5 Sunfield Lane,4167,UNPAID
444,16.08.2019,kennedi30@feest.com,03 Morningstar Center,8923,PAID
445,26.12.2018,,689 Upham Court,6963,PAID
446,08.12.2019,,471 Sundown Park,1299,PAID
447,02.09.2018,melisa85@hotmail.com,08 Crownhardt Circle,3882,UNPAID
448,17.08.2018,dbogan@kessler.info,6636 Little Fleur Terrace,3971,PAID
449,25.04.2018,,477 Homewood Junction,6035,PAID
450,20.03.2018,brandon23@gmail.com,5 Carioca Lane,6505,PAID
451,20.04.2018,,90196 David Avenue,9054,PAID
452,06.12.2018,nerdman@gmail.com,843 Lake View Circle,5351,PAID
453,20.05.2018,hayes.ryann@gmail.com,051 Hanson Lane,1057,PAID
454,16.03.2019,carleton16@jakubowski.com,71 Mayer Road,5056,UNPAID
455,23.04.2018,carleton16@jakubowski.com,54383 Jay Terrace,8615,UNPAID
456,15.09.2018,trisha49@nikolaus.com,61752 Texas Trail,9746,PAID
457,07.04.2018,hayes.ryann@gmail.com,,6754,UNPAID
458,28.02.2018,,,9807,PAID
459,22.12.2018,kennedi30@feest.com,488 Manitowish Terrace,2082,PAID
460,05.04.2018,rlangosh@hotmail.com,5353 Shelley Pass,9487,UNPAID
461,12.07.2018,idouglas@hotmail.com,6878 Jana Junction,1799,UNPAID
462,05.07.2018,nerdman@gmail.com,05 Oxford Center,592,UNPAID
463,31.12.2019,,0170 Merchant Drive,5256,PAID
464,08.07.2018,streich.jaida@yahoo.com,04 Farragut Point,8920,UNPAID
465,19.02.2019,streich.jaida@yahoo.com,3 Blue Bill Park Terrace,365,UNPAID
466,02.02.2019,bebert@murphy.net,049 Ridge Oak Avenue,4289,PAID
467,15.09.2018,,292 Express Alley,521,UNPAID
468,21.12.2018,,48204 Schurz Parkway,4118,PAID
469,16.07.2019,melisa85@hotmail.com,2236 South Park,3398,UNPAID
470,23.07.2018,hayes.ryann@gmail.com,99595 Spaight Street,1180,UNPAID
471,04.12.2018,wpollich@gmail.com,,7418,PAID
472,19.01.2018,kraig91@hane.com,268 Spenser Center,1380,PAID
473,16.01.2018,dbogan@kessler.info,80 Stuart Trail,8026,PAID
474,23.12.2019,ullrich.christine@smith.com,,3689,UNPAID
475,23.05.2018,qkling@hotmail.com,54 Clove Center,4493,PAID
476,18.03.2018,olubowitz@stehr.info,234 Delladonna Circle,9779,PAID
477,03.02.2018,otremblay@hill.org,7 Mesta Drive,5955,PAID
478,27.02.2019,olubowitz@stehr.info,95 Basil Parkway,4036,PAID
479,03.11.2018,reichel.francisca@ryan.com,79 Reindahl Junction,621,PAID
480,12.05.2018,carleton16@jakubowski.com,92 Cody Way,3746,PAID
481,30.09.2019,louisa.waters@durgan.org,91 Corscot Circle,3548,UNPAID
482,11.04.2018,lew.osinski@yahoo.com,365 High Crossing Point,1968,PAID
483,15.03.2019,brandon23@gmail.com,65829 West Place,1677,UNPAID
484,06.06.2019,,049 Center Parkway,9329,PAID
485,01.07.2018,dbogan@kessler.info,0990 Ludington Lane,7586,PAID
486,14.12.2019,,9 Montana Avenue,2028,PAID
487,09.04.2019,lew.osinski@yahoo.com,70 Sunbrook Hill,610,PAID
488,15.07.2019,rlangosh@hotmail.com,235 Towne Place,4987,UNPAID
489,09.09.2018,louisa.waters@durgan.org,2 Pennsylvania Trail,5019,UNPAID
490,11.02.2019,olubowitz@stehr.info,859 Hermina Drive,6786,UNPAID
491,14.11.2018,hilario.lesch@willms.org,5 Kensington Way,727,PAID
492,11.10.2018,hayes.ryann@gmail.com,54088 Bobwhite Junction,8454,PAID
493,22.11.2018,dbogan@kessler.info,95 4th Alley,1715,UNPAID
494,24.02.2018,louisa.waters@durgan.org,07 Pankratz Center,7863,PAID
495,28.06.2018,ada.reynolds@quigley.net,139 Menomonie Park,6756,UNPAID
496,19.01.2018,melisa85@hotmail.com,9 Russell Lane,817,UNPAID
497,13.08.2018,browe@gmail.com,88 Macpherson Park,9504,PAID
498,04.07.2019,louisa.waters@durgan.org,71543 Roth Way,4493,PAID
499,26.07.2018,westley.lubowitz@bayer.com,3844 Saint Paul Parkway,2723,UNPAID
500,21.11.2018,wpollich@gmail.com,141 Hoard Hill,1138,UNPAID
501,01.03.2019,qkling@hotmail.com,,9934,PAID
502,17.08.2019,tromp.thora@hessel.com,56 Glacier Hill Hill,7170,UNPAID
503,11.02.2018,ppurdy@hodkiewicz.com,38080 Carberry Way,5478,PAID
504,23.01.2019,hickle.florencio@borer.com,91 Oak Plaza,2258,UNPAID
505,14.10.2018,lourdes.keebler@gmail.com,26 Sachtjen Hill,5126,PAID
506,22.06.2018,mstanton@gmail.com,44 Evergreen Center,6565,UNPAID
507,25.06.2019,ceasar.nolan@yahoo.com,2686 Stephen Place,3716,UNPAID
508,28.05.2018,bebert@murphy.net,34595 Drewry Avenue,8934,PAID
509,29.04.2018,westley.lubowitz@bayer.com,77 Walton Parkway,1549,UNPAID
510,10.05.2019,,49 Killdeer Street,2230,UNPAID
511,19.08.2019,cyrus.ohara@hoppe.net,6 Lien Trail,6485,UNPAID
512,16.09.2018,kennedi30@feest.com,684 Kropf Alley,6614,UNPAID
513,27.04.2019,louisa.waters@durgan.org,81 Karstens Court,1630,PAID
514,23.10.2019,hickle.florencio@borer.com,90421 Anzinger Crossing,9490,PAID
515,06.06.2019,brandon23@gmail.com,863 Cody Drive,1040,PAID
516,05.05.2019,browe@gmail.com,86 Weeping Birch Court,8540,PAID
517,15.08.2019,ceasar.nolan@yahoo.com,9651 Larry Point,4385,PAID
518,30.07.2018,rlangosh@hotmail.com,9 Lawn Place,6502,PAID
519,20.03.2019,brandon23@gmail.com,0 Hagan Junction,8624,PAID
520,21.11.2018,carleton16@jakubowski.com,05 Kensington Street,1113,UNPAID
521,01.10.2019,lew.osinski@yahoo.com,289 Magdeline Avenue,8750,UNPAID
522,22.11.2019,,4 Forster Alley,651,PAID
523,30.07.2019,korey.von@hotmail.com,1 West Avenue,3355,PAID
524,27.11.2019,brandon23@gmail.com,57 Delladonna Point,3267,UNPAID
525,18.05.2018,bebert@murphy.net,0 Towne Road,1988,PAID
526,27.04.2018,mstanton@gmail.com,418 Carey Way,1735,PAID
527,19.11.2018,brandon23@gmail.com,0 Elka Point,8725,UNPAID
528,20.07.2019,alba.yost@gmail.com,6170 Dixon Drive,3122,PAID
529,08.04.2019,yherman@strosin.com,,1237,PAID
530,23.08.2018,otremblay@hill.org,617 Sage Point,9149,PAID
531,11.05.2018,nerdman@gmail.com,6 Scott Plaza,5738,UNPAID
532,27.07.2018,browe@gmail.com,7 Old Gate Parkway,2276,UNPAID
533,08.10.2018,ceasar.nolan@yahoo.com,2 Lunder Junction,29,UNPAID
534,05.01.2019,kraig91@hane.com,7 Fulton Avenue,3059,PAID
535,16.07.2019,kennedi30@feest.com,2 Talmadge Drive,299,PAID
536,13.07.2019,korey.von@hotmail.com,06988 Hovde Trail,6689,UNPAID
537,23.12.2019,korey.von@hotmail.com,09 Roth Road,5881,PAID
538,01.01.2018,ppurdy@hodkiewicz.com,8 Di Loreto Junction,7031,PAID
539,16.03.2018,idouglas@hotmail.com,5 Morningstar Alley,8614,UNPAID
540,14.02.2019,mstanton@gmail.com,84856 Karstens Crossing,5274,PAID
541,07.10.2018,hickle.florencio@borer.com,574 Fordem Avenue,149,PAID
542,19.05.2019,rlangosh@hotmail.com,4443 Miller Street,5365,PAID
543,08.06.2019,zruecker@prohaska.com,692 Hoffman Place,1395,UNPAID
544,18.07.2018,wpollich@gmail.com,2826 Sullivan Park,6926,UNPAID
545,25.02.2019,lourdes.keebler@gmail.com,,4383,PAID
546,31.12.2019,,44 Upham Avenue,7524,PAID
547,20.10.2019,dorothea17@jakubowski.info,0099 Golf Pass,1071,UNPAID
548,10.02.2018,streich.jaida@yahoo.com,032 Petterle Parkway,9537,UNPAID
549,21.09.2018,mikel.marks@gmail.com,,9362,PAID
550,30.11.2018,wpollich@gmail.com,2754 David Crossing,7940,PAID
551,27.12.2019,mstanton@gmail.com,2672 Summer Ridge Parkway,5151,UNPAID
552,10.08.2018,ppurdy@hodkiewicz.com,0 Fordem Avenue,3033,PAID
553,13.07.2018,wpollich@gmail.com,07063 Grim Park,119,UNPAID
554,15.06.2019,schuster.aiden@murray.net,18750 Merry Junction,2629,UNPAID
555,21.12.2019,kennedi30@feest.com,43 Granby Hill,2910,UNPAID
556,17.04.2018,schuster.aiden@murray.net,9271 Dunning Center,5515,PAID
557,01.02.2018,kennedi30@feest.com,7 Merrick Hill,941,UNPAID
558,16.04.2018,ullrich.christine@smith.com,480 Hanover Terrace,5127,PAID
559,21.03.2018,zruecker@prohaska.com,323 Springview Point,1407,PAID
560,07.07.2018,louisa.waters@durgan.org,8 South Circle,3869,UNPAID
561,20.01.2019,kennedi30@feest.com,6 Riverside Crossing,8764,PAID
562,25.05.2018,kennedi30@feest.com,7 Hudson Junction,3207,UNPAID
563,17.03.2019,hayes.ryann@gmail.com,23284 Hayes Circle,1782,PAID
564,16.03.2018,louisa.waters@durgan.org,6 Schlimgen Circle,6876,UNPAID
565,03.08.2018,ppurdy@hodkiewicz.com,3 Lukken Junction,8760,UNPAID
566,11.05.2018,hickle.florencio@borer.com,08431 Havey Drive,6247,PAID
567,23.11.2019,ppurdy@hodkiewicz.com,5 Johnson Center,9825,PAID
568,20.06.2019,reichel.francisca@ryan.com,291 Haas Plaza,2022,UNPAID
569,22.03.2018,hilario.lesch@willms.org,3972 Waubesa Place,620,UNPAID
570,30.09.2019,cyrus.ohara@hoppe.net,5961 Doe Crossing Point,4735,UNPAID
571,13.09.2018,elisha.lebsack@yahoo.com,4 Burning Wood Drive,8539,PAID
572,07.05.2019,kennedi30@feest.com,581 Fairfield Alley,6109,PAID
573,23.08.2019,lew.osinski@yahoo.com,0 Lake View Junction,6998,UNPAID
574,15.02.2019,korey.von@hotmail.com,0 Shopko Road,8796,UNPAID
575,17.11.2018,melisa85@hotmail.com,1 Hagan Court,3983,UNPAID
576,11.07.2019,lourdes.keebler@gmail.com,03 Tomscot Park,3812,UNPAID
577,25.10.2019,reichel.francisca@ryan.com,,5057,PAID
578,29.08.2019,trisha49@nikolaus.com,883 Blue Bill Park Circle,2425,UNPAID
579,29.06.2019,ada.reynolds@quigley.net,566 Roxbury Hill,5306,PAID
580,06.11.2019,,0 Maple Wood Drive,3142,UNPAID
581,03.01.2018,ppurdy@hodkiewicz.com,9699 Service Parkway,2161,UNPAID
582,22.08.2019,reichel.francisca@ryan.com,3585 Heffernan Plaza,552,PAID
583,29.07.2018,olubowitz@stehr.info,,6296,PAID
584,26.10.2018,zruecker@prohaska.com,,5424,UNPAID
585,17.01.2018,,7917 Warner Alley,6559,UNPAID
586,23.09.2018,,2 Lerdahl Hill,9889,UNPAID
587,23.05.2019,tromp.thora@hessel.com,74821 Eagle Crest Center,5601,UNPAID
588,15.03.2019,hayes.ryann@gmail.com,89237 Algoma Center,5882,UNPAID
589,09.04.2018,tromp.thora@hessel.com,8640 Coleman Drive,7952,UNPAID
590,21.08.2019,lew.osinski@yahoo.com,6 David Parkway,8510,PAID
591,23.08.2018,zruecker@prohaska.com,,4743,PAID
592,16.12.2019,melisa85@hotmail.com,,3841,UNPAID
593,27.01.2018,westley.lubowitz@bayer.com,44711 Commercial Place,6903,UNPAID
594,17.02.2019,,,5377,UNPAID
595,05.06.2018,,,3400,UNPAID
596,11.07.2018,kennedi30@feest.com,9427 Basil Terrace,3913,PAID
597,14.08.2019,qkling@hotmail.com,2 Oxford Place,9827,PAID
598,02.07.2018,ada.reynolds@quigley.net,215 Harper Lane,6601,PAID
599,06.08.2019,dbogan@kessler.info,3 Shopko Park,8703,PAID
600,08.04.2019,otremblay@hill.org,202 Florence Junction,4715,PAID
601,25.08.2018,yherman@strosin.com,512 Esch Trail,8357,UNPAID
602,12.06.2018,mstanton@gmail.com,9 Vernon Street,949,UNPAID
603,21.12.2018,mstanton@gmail.com,6737 Lyons Pass,3572,UNPAID
604,05.09.2018,yherman@strosin.com,10569 Hagan Pass,4270,PAID
605,21.05.2018,hayes.ryann@gmail.com,2 Sommers Hill,7351,PAID
606,29.11.2018,iwehner@yahoo.com,9599 Eagan Trail,2166,PAID
607,10.08.2018,anna.mayert@homenick.com,04003 Cherokee Hill,7424,PAID
608,22.04.2019,lourdes.keebler@gmail.com,,9561,UNPAID
609,17.02.2019,hickle.florencio@borer.com,92 Green Pass,2813,UNPAID
610,14.10.2019,tromp.thora@hessel.com,3425 Comanche Crossing,7120,PAID
611,19.01.2019,otremblay@hill.org,674 Truax Point,711,UNPAID
612,09.07.2019,schuster.aiden@murray.net,414 Commercial Road,60,PAID
613,20.04.2019,wpollich@gmail.com,4 Ryan Point,8962,PAID
614,02.04.2018,,45996 Veith Circle,9449,UNPAID
615,30.05.2019,korey.von@hotmail.com,78232 Kedzie Hill,8627,PAID
616,08.12.2018,haley.verna@smitham.com,03 Clemons Plaza,3769,UNPAID
617,10.11.2018,,2 Dovetail Road,3831,PAID
618,10.09.2019,hickle.florencio@borer.com,67 Mesta Parkway,5241,PAID
619,29.01.2019,anna.mayert@homenick.com,18 North Trail,9932,UNPAID
620,07.06.2018,zruecker@prohaska.com,71170 Brown Crossing,6526,PAID
621,10.03.2019,brandon23@gmail.com,035 Columbus Way,8421,UNPAID
622,11.11.2019,trisha49@nikolaus.com,12927 Bayside Parkway,4536,UNPAID
623,01.09.2019,hschaefer@hotmail.com,86259 Sundown Street,406,UNPAID
624,03.07.2019,streich.jaida@yahoo.com,4 Lawn Place,440,PAID
625,24.05.2018,kennedi30@feest.com,64322 Canary Road,4212,UNPAID
626,07.07.2019,zruecker@prohaska.com,29 Chive Point,1739,PAID
627,23.09.2019,olubowitz@stehr.info,517 Golden Leaf Way,1526,PAID
628,24.11.2018,,7749 Sunnyside Point,244,PAID
629,22.12.2018,haley.verna@smitham.com,36494 Gulseth Center,1832,PAID
630,07.03.2019,zruecker@prohaska.com,7 Gulseth Center,8590,PAID
631,29.08.2019,korey.von@hotmail.com,082 Hermina Park,5180,PAID
632,03.08.2018,zkrajcik@ortiz.biz,68966 Birchwood Point,4318,UNPAID
633,24.06.2018,hschaefer@hotmail.com,03 Coolidge Center,5008,PAID
634,22.02.2019,,2 Independence Plaza,9869,UNPAID
635,27.07.2019,haley.verna@smitham.com,2597 Longview Parkway,2908,UNPAID
636,09.05.2018,dbogan@kessler.info,72 Walton Plaza,833,UNPAID
637,16.06.2019,,32628 Mendota Circle,7293,UNPAID
638,29.11.2019,yherman@strosin.com,0 Northland Road,4117,PAID
639,20.09.2019,yherman@strosin.com,1 Florence Park,4288,PAID
640,29.10.2018,dbogan@kessler.info,876 Darwin Drive,7527,PAID
641,05.12.2018,ada.reynolds@quigley.net,74 Darwin Junction,8645,UNPAID
642,10.10.2018,ada.reynolds@quigley.net,4 Bay Hill,3064,PAID
643,04.07.2019,brandon23@gmail.com,2022 Westend Trail,5450,UNPAID
644,30.08.2019,otremblay@hill.org,31453 Elmside Parkway,7490,UNPAID
645,25.03.2019,,74 Rockefeller Terrace,3281,PAID
646,04.09.2019,,63772 Fuller Way,5553,UNPAID
647,25.12.2019,lourdes.keebler@gmail.com,5 Mallory Parkway,9482,UNPAID
648,19.04.2019,,47 Macpherson Terrace,61,UNPAID
649,10.01.2018,ppurdy@hodkiewicz.com,0557 6th Parkway,9122,UNPAID
650,24.11.2019,ceasar.nolan@yahoo.com,377 Butterfield Hill,5383,PAID
651,05.03.2018,anna.mayert@homenick.com,,8916,PAID
652,28.04.2019,zkrajcik@ortiz.biz,14689 Hauk Hill,3506,UNPAID
653,03.09.2018,hickle.florencio@borer.com,12759 Texas Point,6265,PAID
654,24.08.2019,kennedi30@feest.com,42 Warbler Plaza,8895,PAID
655,28.09.2019,hayes.ryann@gmail.com,70 Northfield Alley,8067,UNPAID
656,08.07.2018,ceasar.nolan@yahoo.com,40981 Westerfield Plaza,4083,PAID
657,23.06.2018,ullrich.christine@smith.com,559 Twin Pines Terrace,2973,PAID
658,13.12.2019,dorothea17@jakubowski.info,918 Pierstorff Alley,3316,PAID
659,27.08.2018,wpollich@gmail.com,220 Northland Parkway,2179,PAID
660,18.09.2019,cyrus.ohara@hoppe.net,4 Loftsgordon Avenue,4244,UNPAID
661,03.06.2018,dorothea17@jakubowski.info,74709 Arizona Parkway,8245,PAID
662,30.09.2019,hilario.lesch@willms.org,07267 Sugar Parkway,1160,PAID
663,24.09.2019,cyrus.ohara@hoppe.net,66141 Dahle Lane,751,UNPAID
664,27.02.2019,cyrus.ohara@hoppe.net,68 Bluestem Way,8793,UNPAID
665,29.09.2018,kennedi30@feest.com,15065 Monterey Trail,367,PAID
666,21.05.2019,,9 Hanson Court,8985,PAID
667,05.07.2019,kennedi30@feest.com,769 Eagle Crest Drive,9968,UNPAID
668,15.11.2018,tromp.thora@hessel.com,4 Maple Place,2690,PAID
669,07.07.2018,mstanton@gmail.com,8 Jackson Point,1359,UNPAID
670,28.11.2019,mikel.marks@gmail.com,,4278,PAID
671,26.11.2018,streich.jaida@yahoo.com,8591 Dovetail Trail,8901,PAID
672,13.11.2018,schuster.aiden@murray.net,19 Havey Crossing,3936,UNPAID
673,22.09.2018,haley.verna@smitham.com,72 Judy Court,6398,PAID
674,23.10.2019,rlangosh@hotmail.com,,2550,PAID
675,13.12.2018,mikel.marks@gmail.com,5138 Fairview Court,2410,PAID
676,31.10.2019,jadon08@gmail.com,420 Norway Maple Way,1823,PAID
677,25.02.2019,schuster.aiden@murray.net,357 Loeprich Junction,3331,PAID
678,05.05.2018,melisa85@hotmail.com,195 Scoville Street,7042,UNPAID
679,19.12.2018,hilario.lesch@willms.org,6987 Gale Circle,3160,PAID
680,27.02.2018,idouglas@hotmail.com,27 Petterle Circle,631,UNPAID
681,16.01.2018,brandon23@gmail.com,11941 Elka Hill,6377,UNPAID
682,10.04.2018,kraig91@hane.com,2 Northfield Alley,3389,UNPAID
683,25.10.2019,korey.von@hotmail.com,7011 Morning Court,1278,UNPAID
684,11.02.2019,ceasar.nolan@yahoo.com,094 Maryland Trail,8355,PAID
685,23.01.2018,ppurdy@hodkiewicz.com,048 Nelson Plaza,1628,UNPAID
686,07.09.2018,idouglas@hotmail.com,57202 Lake View Hill,3297,PAID
687,10.10.2019,hickle.florencio@borer.com,1 Scoville Junction,2560,UNPAID
688,07.07.2019,louisa.waters@durgan.org,434 Lukken Circle,8045,PAID
689,01.03.2018,goodwin.citlalli@runolfsson.com,8 Brickson Park Park,2068,UNPAID
690,08.11.2019,haley.verna@smitham.com,93 Cascade Crossing,2242,UNPAID
691,22.06.2018,mills.valentina@pfeffer.com,555 Bay Pass,1179,UNPAID
692,12.07.2019,cyrus.ohara@hoppe.net,036 Bunker Hill Avenue,9928,PAID
693,29.12.2018,anna.mayert@homenick.com,5 Thompson Junction,1050,PAID
694,17.10.2018,haley.verna@smitham.com,2250 Mifflin Court,9800,UNPAID
695,16.10.2018,hschaefer@hotmail.com,137 Di Loreto Center,163,UNPAID
696,03.04.2018,carleton16@jakubowski.com,956 Surrey Crossing,1947,UNPAID
697,17.08.2019,courtney.bergstrom@wisoky.com,480 Lyons Way,6494,PAID
698,31.12.2019,mills.valentina@pfeffer.com,9 Armistice Circle,3670,PAID
699,31.10.2019,alba.yost@gmail.com,0 Morningstar Avenue,1061,PAID
700,17.12.2018,mikel.marks@gmail.com,331 Caliangt Drive,7281,UNPAID
701,24.11.2019,brandon23@gmail.com,78 Haas Crossing,5827,PAID
702,01.04.2019,louisa.waters@durgan.org,3390 Del Mar Road,1879,UNPAID
703,28.01.2019,,064 Thackeray Center,6734,UNPAID
704,10.07.2018,carleton16@jakubowski.com,18 Grasskamp Court,1701,UNPAID
705,28.06.2019,melisa85@hotmail.com,1020 Atwood Plaza,5345,UNPAID
706,26.12.2019,ppurdy@hodkiewicz.com,002 Red Cloud Avenue,3226,PAID
707,16.09.2019,hickle.florencio@borer.com,0693 Twin Pines Place,3877,PAID
708,08.09.2019,lourdes.keebler@gmail.com,9 Debra Place,7052,UNPAID
709,26.03.2018,goodwin.citlalli@runolfsson.com,355 Dexter Lane,1518,PAID
710,11.05.2018,bebert@murphy.net,9506 Pennsylvania Way,4216,UNPAID
711,29.01.2019,mills.valentina@pfeffer.com,9744 John Wall Hill,6476,PAID
712,28.09.2018,rlangosh@hotmail.com,07953 Montana Place,7839,PAID
713,17.08.2019,ceasar.nolan@yahoo.com,7958 Lindbergh Road,6604,UNPAID
714,20.10.2018,haley.verna@smitham.com,93 Golf View Place,8136,PAID
715,31.05.2019,dorothea17@jakubowski.info,59094 Northport Parkway,2250,UNPAID
716,10.12.2019,anna.mayert@homenick.com,,4593,PAID
717,03.12.2018,haley.verna@smitham.com,746 Thackeray Junction,1906,UNPAID
718,10.03.2019,anna.mayert@homenick.com,9155 Kennedy Point,2809,UNPAID
719,22.12.2019,iwehner@yahoo.com,8 Mitchell Junction,6542,PAID
720,16.11.2019,qkling@hotmail.com,25 Di Loreto Street,7947,PAID
721,13.04.2018,olubowitz@stehr.info,60408 Oak Valley Circle,6853,UNPAID
722,18.11.2019,dorothea17@jakubowski.info,0328 Katie Way,5061,UNPAID
723,25.01.2018,kennedi30@feest.com,,4564,UNPAID
724,28.08.2019,courtney.bergstrom@wisoky.com,6 Bartelt Plaza,1705,UNPAID
725,02.04.2018,hschaefer@hotmail.com,70 Riverside Avenue,3826,UNPAID
726,12.06.2018,kennedi30@feest.com,6225 Shelley Lane,4965,PAID
727,17.09.2018,carleton16@jakubowski.com,58113 Melrose Street,394,UNPAID
728,18.08.2018,ppurdy@hodkiewicz.com,209 Melby Trail,4572,PAID
729,27.07.2018,trisha49@nikolaus.com,26 Mesta Plaza,7332,PAID
730,27.12.2019,rlangosh@hotmail.com,,2657,UNPAID
731,18.04.2018,yherman@strosin.com,980 Lukken Road,8835,PAID
732,13.08.2018,qkling@hotmail.com,382 Portage Road,461,UNPAID
733,04.08.2019,aleuschke@kirlin.com,82263 4th Center,4258,PAID
734,21.10.2018,trisha49@nikolaus.com,16578 Acker Road,1531,PAID
735,20.11.2018,,7902 Hoard Alley,2857,UNPAID
736,15.09.2018,aleuschke@kirlin.com,2 1st Pass,320,PAID
737,28.08.2019,,09730 Buena Vista Way,7547,UNPAID
738,10.07.2018,courtney.bergstrom@wisoky.com,9655 Hallows Place,2867,UNPAID
739,30.07.2019,aleuschke@kirlin.com,51343 Delaware Crossing,1062,PAID
740,29.01.2019,cyrus.ohara@hoppe.net,9890 Packers Street,5880,UNPAID
741,22.08.2019,goodwin.citlalli@runolfsson.com,4094 Dahle Parkway,3577,UNPAID
742,29.03.2019,ceasar.nolan@yahoo.com,008 Hermina Center,2485,PAID
743,21.05.2019,courtney.bergstrom@wisoky.com,6 Birchwood Pass,2394,PAID
744,04.03.2019,aleuschke@kirlin.com,69640 Moulton Center,3498,UNPAID
745,29.12.2019,lourdes.keebler@gmail.com,40606 Norway Maple Way,5853,UNPAID
746,17.07.2018,iwehner@yahoo.com,983 Harper Place,5837,PAID
747,22.11.2019,melisa85@hotmail.com,28 Forster Place,6973,PAID
748,27.02.2019,yherman@strosin.com,2520 Hoepker Court,6474,UNPAID
749,12.10.2018,rlangosh@hotmail.com,65036 Stang Place,4428,UNPAID
750,21.06.2018,tromp.thora@hessel.com,0055 Charing Cross Avenue,3898,PAID
751,31.10.2019,anna.mayert@homenick.com,22 Merry Center,1394,PAID
752,19.03.2019,goodwin.citlalli@runolfsson.com,41646 Magdeline Pass,8018,PAID
753,01.07.2019,qkling@hotmail.com,,1896,UNPAID
754,03.05.2019,ullrich.christine@smith.com,85618 Fairfield Avenue,6872,UNPAID
755,30.09.2019,anna.mayert@homenick.com,3438 Granby Trail,5182,UNPAID
756,01.03.2019,,803 Loftsgordon Drive,1076,PAID
757,22.05.2018,hayes.ryann@gmail.com,92 Namekagon Drive,6311,PAID
758,19.08.2019,alba.yost@gmail.com,,1135,PAID
759,22.08.2019,mikel.marks@gmail.com,,4830,UNPAID
760,18.03.2019,lourdes.keebler@gmail.com,930 Birchwood Center,2489,UNPAID
761,22.12.2019,korey.von@hotmail.com,,190,UNPAID
762,19.10.2018,streich.jaida@yahoo.com,669 Fulton Point,1302,UNPAID
763,12.09.2018,ada.reynolds@quigley.net,471 Meadow Ridge Circle,1332,PAID
764,26.05.2019,elisha.lebsack@yahoo.com,6 Fulton Junction,5509,PAID
765,09.09.2019,ada.reynolds@quigley.net,378 Summit Place,739,UNPAID
766,02.08.2019,zkrajcik@ortiz.biz,64634 Crownhardt Drive,2942,PAID
767,02.05.2019,louisa.waters@durgan.org,08976 Gateway Plaza,1126,UNPAID
768,26.10.2018,yherman@strosin.com,30516 Troy Point,7544,PAID
769,17.12.2018,lew.osinski@yahoo.com,013 Corscot Parkway,4891,PAID
770,20.03.2018,dorothea17@jakubowski.info,92 Jenna Circle,8683,UNPAID
771,28.10.2019,louisa.waters@durgan.org,03615 Bluejay Center,464,PAID
772,12.12.2018,courtney.bergstrom@wisoky.com,,2834,UNPAID
773,15.06.2019,louisa.waters@durgan.org,3 Cardinal Circle,5839,UNPAID
774,02.10.2019,otremblay@hill.org,,1345,PAID
775,16.05.2018,mikel.marks@gmail.com,15403 Lawn Park,4781,UNPAID
776,07.02.2018,dorothea17@jakubowski.info,5 Toban Hill,7690,UNPAID
777,22.05.2018,browe@gmail.com,,9901,UNPAID
778,28.01.2018,browe@gmail.com,43185 Namekagon Court,6144,UNPAID
779,14.05.2019,westley.lubowitz@bayer.com,35658 North Street,4994,UNPAID
780,06.10.2018,dbogan@kessler.info,01 Londonderry Crossing,8223,PAID
781,30.08.2018,streich.jaida@yahoo.com,167 Reindahl Parkway,953,UNPAID
782,20.12.2019,otremblay@hill.org,707 Warrior Street,145,PAID
783,03.12.2019,cyrus.ohara@hoppe.net,2 Duke Crossing,1571,UNPAID
784,24.08.2018,reichel.francisca@ryan.com,5 Sunnyside Place,5922,UNPAID
785,21.01.2019,idouglas@hotmail.com,57858 Fuller Street,5622,UNPAID
786,23.04.2019,korey.von@hotmail.com,6969 Twin Pines Center,2085,UNPAID
787,04.10.2018,cyrus.ohara@hoppe.net,0 Caliangt Point,6876,PAID
788,18.06.2018,qkling@hotmail.com,,9674,UNPAID
789,17.09.2019,,,9100,UNPAID
790,27.12.2019,trisha49@nikolaus.com,28579 Rowland Lane,8379,PAID
791,24.09.2019,dbogan@kessler.info,078 Prairie Rose Crossing,1079,UNPAID
792,21.10.2019,ada.reynolds@quigley.net,343 Milwaukee Avenue,1625,PAID
793,28.01.2019,dbogan@kessler.info,59771 Monica Street,1156,PAID
794,25.02.2018,schuster.aiden@murray.net,8661 David Trail,4877,UNPAID
795,13.07.2018,mikel.marks@gmail.com,69 West Way,7034,PAID
796,19.09.2019,,4 Russell Avenue,4839,PAID
797,12.11.2018,ceasar.nolan@yahoo.com,4 Eagan Street,167,PAID
798,04.06.2019,wpollich@gmail.com,267 Blaine Park,8893,UNPAID
799,06.04.2018,carleton16@jakubowski.com,40029 Pine View Parkway,5394,PAID
800,19.08.2018,trisha49@nikolaus.com,5 International Place,4573,UNPAID
801,17.02.2018,louisa.waters@durgan.org,805 Carpenter Pass,5653,PAID
802,01.01.2019,zkrajcik@ortiz.biz,18 Northport Junction,7018,PAID
803,31.07.2018,hschaefer@hotmail.com,100 Algoma Avenue,140,PAID
804,29.01.2018,mikel.marks@gmail.com,232 Thierer Parkway,8562,PAID
805,13.09.2018,westley.lubowitz@bayer.com,1 Bluestem Center,2722,UNPAID
806,15.11.2018,hickle.florencio@borer.com,4103 Forest Run Alley,35,UNPAID
807,27.10.2019,lourdes.keebler@gmail.com,7 Buena Vista Center,7906,UNPAID
808,29.01.2019,haley.verna@smitham.com,20 Chinook Street,9824,UNPAID
809,15.12.2018,,9260 Hintze Court,7876,PAID
810,21.09.2018,cyrus.ohara@hoppe.net,2660 Division Drive,1263,UNPAID
811,24.01.2019,dorothea17@jakubowski.info,12573 Rusk Park,5821,UNPAID
812,17.09.2019,lourdes.keebler@gmail.com,38681 Debra Avenue,3918,PAID
813,06.01.2019,ullrich.christine@smith.com,442 Sunbrook Terrace,5365,UNPAID
814,06.11.2019,goodwin.citlalli@runolfsson.com,72384 Talisman Lane,1077,PAID
815,11.09.2018,ada.reynolds@quigley.net,1 Mitchell Court,4594,UNPAID
816,12.08.2018,westley.lubowitz@bayer.com,943 Forest Dale Road,651,UNPAID
817,12.02.2019,alba.yost@gmail.com,74 Heffernan Terrace,9119,PAID
818,19.11.2019,mikel.marks@gmail.com,3663 Anhalt Trail,4002,PAID
819,17.09.2019,browe@gmail.com,,1147,PAID
820,24.12.2019,lourdes.keebler@gmail.com,6815 Scofield Crossing,4040,PAID
821,12.08.2019,haley.verna@smitham.com,69 Mcguire Park,1782,PAID
822,22.06.2019,yherman@strosin.com,,9885,PAID
823,06.02.2019,mstanton@gmail.com,,6799,PAID
824,17.04.2018,nerdman@gmail.com,6 Rowland Road,9552,UNPAID
825,22.03.2018,dorothea17@jakubowski.info,455 Pankratz Street,4454,UNPAID
826,17.08.2019,bebert@murphy.net,9 Tomscot Center,1607,UNPAID
827,12.10.2019,,6 Prairie Rose Plaza,8601,UNPAID
828,25.02.2018,ceasar.nolan@yahoo.com,6 Erie Street,6426,UNPAID
829,30.03.2019,tromp.thora@hessel.com,33 Fairview Way,7785,UNPAID
830,02.01.2018,,443 Morningstar Circle,3729,PAID
831,31.01.2018,reichel.francisca@ryan.com,3 Vermont Terrace,3663,PAID
832,14.12.2018,hschaefer@hotmail.com,1 Texas Lane,660,PAID
833,20.01.2019,ppurdy@hodkiewicz.com,2861 Sauthoff Place,7798,PAID
834,11.08.2018,tromp.thora@hessel.com,0 Kenwood Pass,3776,UNPAID
835,06.01.2019,otremblay@hill.org,7142 Miller Drive,3540,UNPAID
836,18.12.2019,iwehner@yahoo.com,32 Bonner Place,726,UNPAID
837,16.02.2018,kennedi30@feest.com,817 Anhalt Hill,7762,UNPAID
838,22.08.2019,nerdman@gmail.com,6260 Brickson Park Alley,3061,PAID
839,20.12.2018,lourdes.keebler@gmail.com,012 Acker Place,8296,UNPAID
840,30.05.2018,haley.verna@smitham.com,62 Darwin Parkway,8853,PAID
841,21.12.2018,,36100 Thackeray Parkway,5331,PAID
842,14.09.2019,dbogan@kessler.info,58 Novick Alley,3583,PAID
843,21.08.2019,brandon23@gmail.com,47103 Service Way,6834,PAID
844,25.02.2019,haley.verna@smitham.com,0 Brentwood Road,6159,UNPAID
845,25.11.2018,tromp.thora@hessel.com,8 Stuart Place,2427,UNPAID
846,09.10.2018,mstanton@gmail.com,74 Sachs Pass,5268,UNPAID
847,26.11.2019,reichel.francisca@ryan.com,4047 Union Junction,999,PAID
848,12.03.2019,,305 Hoffman Road,5674,PAID
849,21.09.2018,melisa85@hotmail.com,4 Hayes Drive,7366,PAID
850,09.02.2019,anna.mayert@homenick.com,627 Hintze Way,4918,UNPAID
851,12.04.2019,ceasar.nolan@yahoo.com,4940 Acker Alley,5630,PAID
852,27.11.2018,reichel.francisca@ryan.com,7821 Prairie Rose Way,7278,UNPAID
853,30.07.2018,bebert@murphy.net,,9370,UNPAID
854,04.10.2018,brandon23@gmail.com,1666 Goodland Terrace,3419,UNPAID
855,28.09.2018,,710 Arizona Road,6724,PAID
856,09.12.2019,anna.mayert@homenick.com,194 Dovetail Parkway,5865,PAID
857,14.01.2019,ceasar.nolan@yahoo.com,622 Dakota Alley,9324,UNPAID
858,28.10.2019,hickle.florencio@borer.com,,9635,PAID
859,20.09.2019,dbogan@kessler.info,,9868,UNPAID
860,23.12.2019,courtney.bergstrom@wisoky.com,5 Spohn Circle,9070,PAID
861,07.11.2019,qkling@hotmail.com,780 Carpenter Parkway,6558,PAID
862,19.02.2018,wpollich@gmail.com,,3936,UNPAID
863,15.02.2018,mills.valentina@pfeffer.com,31 Carberry Alley,7344,PAID
864,28.11.2019,tromp.thora@hessel.com,4 Sugar Point,8108,PAID
865,15.04.2019,anna.mayert@homenick.com,79 Lakewood Street,4126,PAID
866,13.04.2018,reichel.francisca@ryan.com,023 Quincy Center,5398,UNPAID
867,07.09.2018,ada.reynolds@quigley.net,67764 Service Terrace,7214,UNPAID
868,08.09.2018,mstanton@gmail.com,74 Morrow Parkway,9802,PAID
869,03.02.2019,,,5222,PAID
870,29.11.2019,mstanton@gmail.com,5644 Loomis Park,8873,PAID
871,29.05.2019,mikel.marks@gmail.com,5248 Quincy Drive,5547,UNPAID
872,05.12.2019,ppurdy@hodkiewicz.com,070 Scott Pass,7124,UNPAID
873,13.08.2019,tromp.thora@hessel.com,91 Buell Pass,8403,UNPAID
874,17.10.2019,,8 Scofield Avenue,467,PAID
875,29.03.2018,,79 Forest Dale Street,5268,UNPAID
876,21.11.2018,ullrich.christine@smith.com,,2829,PAID
877,01.01.2018,lew.osinski@yahoo.com,69948 Waxwing Drive,9397,UNPAID
878,30.01.2019,korey.von@hotmail.com,432 Katie Trail,242,PAID
879,03.12.2019,ceasar.nolan@yahoo.com,9256 Westridge Pass,7713,PAID
880,07.12.2019,ppurdy@hodkiewicz.com,95893 Sundown Hill,1992,PAID
881,23.03.2018,nerdman@gmail.com,02146 Melody Lane,9267,PAID
882,20.10.2018,idouglas@hotmail.com,70 Forest Crossing,1421,UNPAID
883,16.11.2019,,617 Northview Place,1878,UNPAID
884,18.09.2019,goodwin.citlalli@runolfsson.com,5 Oneill Alley,9897,UNPAID
885,12.03.2019,,,9139,PAID
886,03.09.2019,dbogan@kessler.info,,7387,PAID
887,22.11.2018,wpollich@gmail.com,4952 Buell Junction,8790,UNPAID
888,02.12.2018,brandon23@gmail.com,51563 Summerview Circle,5353,PAID
889,13.01.2019,,,9572,UNPAID
890,03.09.2018,bebert@murphy.net,93 Village Place,4127,UNPAID
891,19.11.2019,anna.mayert@homenick.com,369 Helena Park,5606,PAID
892,29.11.2018,wpollich@gmail.com,7691 Golden Leaf Point,6813,PAID
893,05.08.2019,,7 Colorado Drive,585,UNPAID
894,28.08.2019,korey.von@hotmail.com,44 Browning Crossing,1446,UNPAID
895,06.01.2018,hilario.lesch@willms.org,39 Londonderry Point,5467,PAID
896,09.12.2019,louisa.waters@durgan.org,65 Loomis Hill,3414,PAID
897,24.06.2018,olubowitz@stehr.info,6256 Oak Court,6003,UNPAID
898,29.08.2019,streich.jaida@yahoo.com,41997 Monterey Court,5857,UNPAID
899,10.03.2018,dorothea17@jakubowski.info,39711 Scofield Center,7585,PAID
900,01.04.2019,,1 Vera Way,3741,UNPAID
901,12.03.2019,ceasar.nolan@yahoo.com,1808 Rigney Parkway,6451,PAID
902,14.08.2019,kraig91@hane.com,5645 Pennsylvania Junction,1298,PAID
903,03.09.2019,yherman@strosin.com,74586 Lunder Drive,6108,PAID
904,08.02.2018,nerdman@gmail.com,39095 Cherokee Plaza,4375,UNPAID
905,17.03.2019,,5592 8th Road,5170,PAID
906,08.09.2019,anna.mayert@homenick.com,,6031,PAID
907,10.02.2018,westley.lubowitz@bayer.com,,6361,PAID
908,04.03.2019,anna.mayert@homenick.com,2 Coleman Lane,1074,PAID
909,12.09.2018,otremblay@hill.org,1700 Brickson Park Parkway,5243,UNPAID
910,07.03.2019,wpollich@gmail.com,,3046,UNPAID
911,29.03.2019,dbogan@kessler.info,4 Golden Leaf Drive,7238,PAID
912,31.05.2018,lew.osinski@yahoo.com,9 Bobwhite Terrace,5642,UNPAID
913,25.05.2019,streich.jaida@yahoo.com,1880 Norway Maple Street,8720,UNPAID
914,27.01.2018,mills.valentina@pfeffer.com,31 Village Green Center,5313,UNPAID
915,21.07.2019,yherman@strosin.com,85506 Morrow Park,9607,UNPAID
916,10.10.2018,melisa85@hotmail.com,,9821,UNPAID
917,13.04.2019,nerdman@gmail.com,59 Sunbrook Crossing,8994,PAID
918,09.10.2019,ada.reynolds@quigley.net,,2878,PAID
919,07.09.2019,carleton16@jakubowski.com,08 Randy Road,9782,PAID
920,22.11.2019,hickle.florencio@borer.com,05547 Namekagon Street,7979,UNPAID
921,23.10.2019,mstanton@gmail.com,31 Esker Parkway,2379,PAID
922,06.07.2018,qkling@hotmail.com,103 Crescent Oaks Hill,66,UNPAID
923,22.05.2019,courtney.bergstrom@wisoky.com,40389 Rockefeller Street,4560,UNPAID
924,15.08.2018,ppurdy@hodkiewicz.com,,8267,PAID
925,25.02.2019,anna.mayert@homenick.com,06 Lien Circle,3809,PAID
926,25.05.2019,zkrajcik@ortiz.biz,1758 Haas Plaza,987,PAID
927,13.04.2018,anna.mayert@homenick.com,8 Canary Place,4309,PAID
928,13.01.2018,ppurdy@hodkiewicz.com,42926 Dexter Court,5596,UNPAID
929,25.11.2018,hickle.florencio@borer.com,9 Crownhardt Alley,5859,UNPAID
930,26.02.2018,jadon08@gmail.com,,7813,UNPAID
931,11.04.2018,zkrajcik@ortiz.biz,10464 Corry Place,7709,PAID
932,30.06.2018,lew.osinski@yahoo.com,03 Hoffman Way,5358,UNPAID
933,29.11.2019,hilario.lesch@willms.org,92 Sunnyside Avenue,9989,UNPAID
934,14.04.2018,yherman@strosin.com,,7187,PAID
935,01.07.2019,schuster.aiden@murray.net,686 Grayhawk Junction,8971,PAID
936,05.09.2019,hayes.ryann@gmail.com,01 Kennedy Alley,7861,UNPAID
937,09.02.2018,nerdman@gmail.com,61 Harbort Hill,9781,PAID
938,20.01.2019,ada.reynolds@quigley.net,13171 Browning Center,5097,UNPAID
939,02.07.2018,hayes.ryann@gmail.com,172 Warner Lane,8150,UNPAID
940,08.07.2019,otremblay@hill.org,257 Hudson Trail,2428,UNPAID
941,14.10.2019,idouglas@hotmail.com,48 Lakewood Gardens Center,7704,UNPAID
942,13.04.2019,lourdes.keebler@gmail.com,99806 Tony Drive,5141,PAID
943,24.06.2019,hickle.florencio@borer.com,7 Gulseth Parkway,6269,PAID
944,21.08.2019,rlangosh@hotmail.com,031 Westridge Drive,5149,PAID
945,05.06.2019,reichel.francisca@ryan.com,4525 Buell Terrace,800,UNPAID
946,31.08.2019,mstanton@gmail.com,523 1st Alley,4608,UNPAID
947,02.01.2019,kraig91@hane.com,7 Gerald Parkway,1229,UNPAID
948,22.12.2018,,56533 Vermont Street,9604,PAID
949,03.05.2018,iwehner@yahoo.com,73536 Fallview Street,3517,UNPAID
950,12.03.2019,lew.osinski@yahoo.com,35762 Oriole Trail,4012,PAID
951,24.03.2019,anna.mayert@homenick.com,89 Almo Trail,1123,PAID
952,21.02.2018,jadon08@gmail.com,5517 Oakridge Lane,8891,UNPAID
953,21.01.2018,dorothea17@jakubowski.info,05 West Junction,122,UNPAID
954,22.02.2019,nerdman@gmail.com,344 Red Cloud Avenue,7778,UNPAID
955,19.03.2019,ceasar.nolan@yahoo.com,5592 Moulton Road,9598,PAID
956,29.11.2019,hilario.lesch@willms.org,35160 Pawling Circle,8208,PAID
957,29.06.2018,goodwin.citlalli@runolfsson.com,3156 Menomonie Road,5468,UNPAID
958,20.01.2018,browe@gmail.com,,8618,UNPAID
959,28.05.2019,otremblay@hill.org,241 Fallview Avenue,7882,UNPAID
960,30.12.2018,carleton16@jakubowski.com,848 Erie Pass,6506,UNPAID
961,06.09.2019,ppurdy@hodkiewicz.com,1151 Blue Bill Park Street,1930,PAID
962,11.01.2019,ppurdy@hodkiewicz.com,0 Bashford Street,8670,PAID
963,09.11.2019,elisha.lebsack@yahoo.com,23 Mallard Drive,9336,PAID
964,19.01.2019,nerdman@gmail.com,29 Cardinal Drive,7301,UNPAID
965,10.04.2018,streich.jaida@yahoo.com,333 Beilfuss Junction,1805,PAID
966,27.01.2019,mills.valentina@pfeffer.com,08 Veith Parkway,6046,UNPAID
967,29.03.2018,nerdman@gmail.com,4204 Mayfield Junction,5980,UNPAID
968,15.11.2018,ppurdy@hodkiewicz.com,69 Jana Road,2070,UNPAID
969,15.12.2019,qkling@hotmail.com,6644 Eagan Road,6273,PAID
970,02.03.2019,nerdman@gmail.com,01538 Farwell Crossing,4849,PAID
971,08.07.2018,,9417 Laurel Parkway,6228,UNPAID
972,25.08.2018,trisha49@nikolaus.com,0808 Hoffman Junction,1541,UNPAID
973,15.12.2019,lourdes.keebler@gmail.com,8971 Erie Drive,2125,UNPAID
974,23.05.2018,schuster.aiden@murray.net,12351 Goodland Lane,929,UNPAID
975,06.02.2019,louisa.waters@durgan.org,00 Quincy Trail,9838,UNPAID
976,30.10.2018,haley.verna@smitham.com,7 Lakewood Parkway,7951,UNPAID
977,24.03.2019,dbogan@kessler.info,67 Waxwing Center,3223,UNPAID
978,08.11.2018,,9 Rutledge Way,3781,PAID
979,06.05.2018,kennedi30@feest.com,0106 Oxford Court,4714,PAID
980,12.03.2019,bebert@murphy.net,58 Daystar Alley,9189,PAID
981,29.08.2018,browe@gmail.com,2647 Crownhardt Court,6772,PAID
982,26.04.2018,qkling@hotmail.com,19 Doe Crossing Center,1409,PAID
983,03.02.2018,hayes.ryann@gmail.com,0 Carberry Point,4812,UNPAID
984,20.06.2019,idouglas@hotmail.com,78153 Canary Plaza,3726,UNPAID
985,20.06.2019,kraig91@hane.com,20239 Merchant Court,3381,PAID
986,12.07.2019,korey.von@hotmail.com,9269 Alpine Point,9768,PAID
987,20.02.2019,aleuschke@kirlin.com,5110 Delaware Court,4019,PAID
988,10.10.2018,louisa.waters@durgan.org,1523 3rd Hill,494,PAID
989,16.11.2019,kraig91@hane.com,,7933,PAID
990,16.04.2018,hilario.lesch@willms.org,89 Killdeer Street,2680,PAID
991,16.03.2018,trisha49@nikolaus.com,13 Twin Pines Park,956,UNPAID
992,20.08.2018,zruecker@prohaska.com,99028 Artisan Crossing,2028,UNPAID
993,18.10.2019,qkling@hotmail.com,6674 Judy Lane,2706,UNPAID
994,23.01.2019,courtney.bergstrom@wisoky.com,,1107,UNPAID
995,03.07.2019,reichel.francisca@ryan.com,577 Evergreen Park,2195,UNPAID
996,02.04.2019,dbogan@kessler.info,263 Brentwood Junction,7265,UNPAID
997,10.02.2019,wpollich@gmail.com,,2461,PAID
998,15.07.2019,lew.osinski@yahoo.com,77 Utah Terrace,7853,UNPAID
999,14.07.2019,dbogan@kessler.info,12 Warbler Trail,6219,UNPAID
1000,18.06.2018,ppurdy@hodkiewicz.com,12 Fuller Lane,6258,PAID
